Date,Country,Confirmed,Deaths,Recovered
2020-01-01,USA,9391,148,4101
2020-01-02,USA,9463,135,4136
2020-01-03,USA,9060,115,3682
2020-01-04,USA,8673,99,3886
2020-01-05,USA,9807,93,3490
2020-01-06,USA,9487,148,4040
2020-01-07,USA,8394,90,3500
2020-01-08,USA,8796,124,4056
2020-01-09,USA,8603,117,3684
2020-01-10,USA,9607,114,4100
2020-01-11,USA,9742,99,3602
2020-01-12,USA,9633,102,3699
2020-01-13,USA,8831,101,3570
2020-01-14,USA,9255,89,4038
2020-01-15,USA,9046,153,3488
2020-01-16,USA,8841,124,3459
2020-01-17,USA,8723,130,3548
2020-01-18,USA,9321,139,3858
2020-01-19,USA,9529,107,3783
2020-01-20,USA,8618,133,3776
2020-01-21,USA,9298,138,3298
2020-01-22,USA,8579,132,3363
2020-01-23,USA,9268,104,4067
2020-01-24,USA,9544,88,3530
2020-01-25,USA,8770,115,3316
2020-01-26,USA,8744,131,3902
2020-01-27,USA,9644,95,3786
2020-01-28,USA,9436,94,4177
2020-01-29,USA,9342,97,4016
2020-01-30,USA,8751,151,3616
2020-01-31,USA,9639,122,3303
2020-02-01,USA,9352,93,3989
2020-02-02,USA,9590,145,3642
2020-02-03,USA,9198,107,3806
2020-02-04,USA,8458,144,4036
2020-02-05,USA,9428,110,3345
2020-02-06,USA,9596,129,3843
2020-02-07,USA,8484,147,3201
2020-02-08,USA,8855,91,3830
2020-02-09,USA,8917,120,3775
2020-02-10,USA,8817,142,3532
2020-02-11,USA,8998,133,4050
2020-02-12,USA,9499,126,3318
2020-02-13,USA,9883,120,4097
2020-02-14,USA,9350,119,3709
2020-02-15,USA,8504,104,3296
2020-02-16,USA,8867,104,3293
2020-02-17,USA,9617,145,3827
2020-02-18,USA,8983,121,3491
2020-02-19,USA,9558,128,3848
2020-02-20,USA,9755,123,3584
2020-02-21,USA,9512,134,3285
2020-02-22,USA,9086,103,4190
2020-02-23,USA,8397,102,4185
2020-02-24,USA,9112,97,3914
2020-02-25,USA,9177,146,3755
2020-02-26,USA,8504,141,3906
2020-02-27,USA,8732,105,3536
2020-02-28,USA,9837,125,3397
2020-02-29,USA,8469,92,3617
2020-03-01,USA,9069,113,3324
2020-03-02,USA,8769,138,3342
2020-03-03,USA,9176,154,3548
2020-03-04,USA,8633,106,3834
2020-03-05,USA,9122,154,4129
2020-03-06,USA,9337,130,3301
2020-03-07,USA,8797,119,3825
2020-03-08,USA,9265,134,4153
2020-03-09,USA,8622,130,3600
2020-03-10,USA,9203,131,3469
2020-03-11,USA,8816,140,3860
2020-03-12,USA,8648,148,3535
2020-03-13,USA,8962,103,3366
2020-03-14,USA,8536,135,3776
2020-03-15,USA,9250,144,3642
2020-03-16,USA,8429,129,3599
2020-03-17,USA,9561,94,4107
2020-03-18,USA,8974,101,4093
2020-03-19,USA,9060,143,3396
2020-03-20,USA,9815,116,4181
2020-03-21,USA,8949,142,3256
2020-03-22,USA,8906,121,3786
2020-03-23,USA,8651,147,3399
2020-03-24,USA,8468,117,3227
2020-03-25,USA,9668,140,4128
2020-03-26,USA,9858,119,3301
2020-03-27,USA,9626,128,3934
2020-03-28,USA,9737,141,3520
2020-03-29,USA,9108,118,3948
2020-03-30,USA,8946,102,3747
2020-03-31,USA,8894,155,3620
2020-04-01,USA,8757,91,3859
2020-04-02,USA,8728,104,3340
2020-04-03,USA,9771,115,3192
2020-04-04,USA,9065,97,4024
2020-04-05,USA,9537,142,3429
2020-04-06,USA,8492,112,3557
2020-04-07,USA,8932,151,4131
2020-04-08,USA,9663,148,3995
2020-04-09,USA,9459,122,4054
2020-04-10,USA,8885,152,3806
2020-04-11,USA,9340,110,3465
2020-04-12,USA,8809,96,3235
2020-04-13,USA,9111,92,4104
2020-04-14,USA,8811,129,3359
2020-04-15,USA,8840,112,3267
2020-04-16,USA,9030,102,4188
2020-04-17,USA,9320,151,3853
2020-04-18,USA,8448,93,3708
2020-04-19,USA,9176,111,3568
2020-04-20,USA,8959,153,4070
2020-04-21,USA,9259,139,3246
2020-04-22,USA,8883,143,3587
2020-04-23,USA,9522,141,3455
2020-04-24,USA,8612,109,3996
2020-04-25,USA,8524,143,3976
2020-04-26,USA,9286,138,3628
2020-04-27,USA,9126,131,4179
2020-04-28,USA,9045,104,3511
2020-04-29,USA,9723,131,3717
2020-04-30,USA,8877,145,4096
2020-05-01,USA,8634,147,4189
2020-05-02,USA,8560,112,3226
2020-05-03,USA,8655,125,3915
2020-05-04,USA,9003,108,3761
2020-05-05,USA,8824,116,3508
2020-05-06,USA,8498,106,4167
2020-05-07,USA,8960,102,4173
2020-05-08,USA,9563,109,3210
2020-05-09,USA,9595,127,4161
2020-05-10,USA,8883,134,3754
2020-05-11,USA,9806,118,4042
2020-05-12,USA,8873,136,3387
2020-05-13,USA,9603,123,4002
2020-05-14,USA,8687,122,3819
2020-05-15,USA,9642,153,3718
2020-05-16,USA,9825,146,4096
2020-05-17,USA,9808,131,3325
2020-05-18,USA,8466,153,3698
2020-05-19,USA,8474,119,3523
2020-05-20,USA,9709,129,3412
2020-05-21,USA,9775,112,3593
2020-05-22,USA,9164,131,4052
2020-05-23,USA,8405,138,3344
2020-05-24,USA,9124,132,3725
2020-05-25,USA,8463,93,3727
2020-05-26,USA,9222,106,4096
2020-05-27,USA,8982,112,3686
2020-05-28,USA,8676,90,3632
2020-05-29,USA,9649,118,4009
2020-05-30,USA,9604,132,3502
2020-05-31,USA,9730,107,4025
2020-06-01,USA,8716,113,3797
2020-06-02,USA,9260,92,3379
2020-06-03,USA,8396,155,3995
2020-06-04,USA,9694,145,3429
2020-06-05,USA,9724,112,3299
2020-06-06,USA,9013,128,3677
2020-06-07,USA,9555,105,3477
2020-06-08,USA,8919,119,3592
2020-06-09,USA,9128,139,4104
2020-06-10,USA,8630,136,4019
2020-06-11,USA,9406,148,3464
2020-06-12,USA,8639,104,3895
2020-06-13,USA,8994,101,4179
2020-06-14,USA,8448,92,3506
2020-06-15,USA,9789,153,3397
2020-06-16,USA,8973,140,3838
2020-06-17,USA,9478,143,3705
2020-06-18,USA,8684,93,4115
2020-06-19,USA,9075,93,3738
2020-06-20,USA,8692,121,3351
2020-06-21,USA,8797,137,3573
2020-06-22,USA,9723,139,3809
2020-06-23,USA,8701,136,3394
2020-06-24,USA,9759,153,3462
2020-06-25,USA,9785,144,3333
2020-06-26,USA,9561,125,3652
2020-06-27,USA,8807,151,3818
2020-06-28,USA,8463,99,4103
2020-06-29,USA,8561,88,3308
2020-06-30,USA,9733,127,3585
2020-07-01,USA,9681,119,3593
2020-07-02,USA,9615,134,3515
2020-07-03,USA,8589,128,3714
2020-07-04,USA,8504,152,3495
2020-07-05,USA,9350,108,4083
2020-07-06,USA,9761,120,3449
2020-07-07,USA,8715,119,4131
2020-07-08,USA,8714,149,3731
2020-07-09,USA,9802,105,3379
2020-07-10,USA,8697,122,3259
2020-07-11,USA,9191,126,3729
2020-07-12,USA,9384,123,3622
2020-07-13,USA,9020,151,3859
2020-07-14,USA,9680,133,3970
2020-07-15,USA,8848,113,3347
2020-07-16,USA,8456,88,3752
2020-07-17,USA,9535,135,3765
2020-07-18,USA,9686,105,3525
2020-07-19,USA,9128,122,4151
2020-07-20,USA,9207,95,4183
2020-07-21,USA,8492,133,3912
2020-07-22,USA,9248,130,3873
2020-07-23,USA,9420,115,3579
2020-07-24,USA,9581,111,3388
2020-07-25,USA,9191,119,3749
2020-07-26,USA,8952,152,3995
2020-07-27,USA,9248,89,3316
2020-07-28,USA,9537,132,3443
2020-07-29,USA,8630,148,4160
2020-07-30,USA,8473,108,3314
2020-07-31,USA,8506,125,4096
2020-08-01,USA,8421,144,3869
2020-08-02,USA,8467,147,3590
2020-08-03,USA,9751,150,3887
2020-08-04,USA,9854,113,3544
2020-08-05,USA,9548,90,3556
2020-08-06,USA,9109,111,3374
2020-08-07,USA,9167,103,4029
2020-08-08,USA,9181,135,3757
2020-08-09,USA,9492,134,3375
2020-08-10,USA,9617,108,3462
2020-08-11,USA,9706,103,4186
2020-08-12,USA,8849,89,3580
2020-08-13,USA,8617,95,3412
2020-08-14,USA,8701,104,3661
2020-08-15,USA,9593,143,3288
2020-08-16,USA,9669,99,3722
2020-08-17,USA,8961,95,3385
2020-08-18,USA,9112,103,3496
2020-08-19,USA,9516,155,3381
2020-08-20,USA,9468,141,3617
2020-08-21,USA,9690,145,3218
2020-08-22,USA,9788,96,3767
2020-08-23,USA,9171,116,4068
2020-08-24,USA,9070,156,3658
2020-08-25,USA,9010,144,3939
2020-08-26,USA,8854,110,3383
2020-08-27,USA,8614,118,3844
2020-08-28,USA,9635,130,3242
2020-08-29,USA,8827,121,4049
2020-08-30,USA,9317,93,3858
2020-08-31,USA,9533,127,3366
2020-09-01,USA,9436,118,3306
2020-09-02,USA,9521,115,3938
2020-09-03,USA,8461,141,3658
2020-09-04,USA,8845,117,4013
2020-09-05,USA,8651,151,3461
2020-09-06,USA,9816,145,3193
2020-09-07,USA,9106,118,3383
2020-09-08,USA,8930,111,3437
2020-09-09,USA,8754,94,3327
2020-09-10,USA,8537,134,3320
2020-09-11,USA,8765,113,3286
2020-09-12,USA,9539,113,3403
2020-09-13,USA,9794,120,3286
2020-09-14,USA,8762,117,3361
2020-09-15,USA,9872,112,3871
2020-09-16,USA,9817,156,3804
2020-09-17,USA,9293,134,3804
2020-09-18,USA,9581,110,3801
2020-09-19,USA,8889,101,3744
2020-09-20,USA,9595,116,3491
2020-09-21,USA,9550,126,3828
2020-09-22,USA,8614,115,4114
2020-09-23,USA,8647,110,3826
2020-09-24,USA,9100,91,3312
2020-09-25,USA,9789,147,3224
2020-09-26,USA,9110,89,3524
2020-09-27,USA,8734,141,3383
2020-09-28,USA,8557,138,4159
2020-09-29,USA,8717,104,3682
2020-09-30,USA,8964,142,3965
2020-10-01,USA,9302,97,3521
2020-10-02,USA,9431,119,3286
2020-10-03,USA,9376,139,3899
2020-10-04,USA,8474,116,3496
2020-10-05,USA,9519,128,3485
2020-10-06,USA,8522,136,3990
2020-10-07,USA,8432,156,3609
2020-10-08,USA,9127,89,3889
2020-10-09,USA,9287,145,4177
2020-10-10,USA,9855,94,3299
2020-10-11,USA,8473,97,3339
2020-10-12,USA,9606,136,3773
2020-10-13,USA,9658,145,3649
2020-10-14,USA,8835,102,4053
2020-10-15,USA,9293,154,3323
2020-10-16,USA,9647,126,3355
2020-10-17,USA,8588,127,3671
2020-10-18,USA,9187,103,3403
2020-10-19,USA,8648,107,3904
2020-10-20,USA,9470,101,3347
2020-10-21,USA,9296,132,3882
2020-10-22,USA,9440,144,4067
2020-10-23,USA,8570,106,3413
2020-10-24,USA,8540,122,3614
2020-10-25,USA,8565,106,3997
2020-10-26,USA,8730,133,3792
2020-10-27,USA,9206,92,3692
2020-10-28,USA,9872,96,4151
2020-10-29,USA,8482,154,4073
2020-10-30,USA,9431,156,3815
2020-10-31,USA,8736,113,3339
2020-11-01,USA,9207,90,3625
2020-11-02,USA,9461,132,4058
2020-11-03,USA,8533,139,4152
2020-11-04,USA,8960,95,3622
2020-11-05,USA,9833,140,4090
2020-11-06,USA,9387,96,3743
2020-11-07,USA,9261,154,3891
2020-11-08,USA,9385,141,3351
2020-11-09,USA,8495,93,3415
2020-11-10,USA,8715,98,3523
2020-11-11,USA,9875,99,3431
2020-11-12,USA,9517,129,3478
2020-11-13,USA,9577,140,4072
2020-11-14,USA,8589,118,3785
2020-11-15,USA,8845,124,3534
2020-11-16,USA,8651,138,3822
2020-11-17,USA,8921,120,3700
2020-11-18,USA,8685,94,3218
2020-11-19,USA,8433,109,3751
2020-11-20,USA,9087,117,3861
2020-11-21,USA,9723,131,3677
2020-11-22,USA,8872,97,4045
2020-11-23,USA,9274,117,3958
2020-11-24,USA,9282,137,3345
2020-11-25,USA,8500,150,4000
2020-11-26,USA,8731,156,4069
2020-11-27,USA,9308,95,3707
2020-11-28,USA,8413,120,4186
2020-11-29,USA,8909,108,3831
2020-11-30,USA,8601,106,3870
2020-12-01,USA,8836,151,3883
2020-12-02,USA,9166,129,3656
2020-12-03,USA,9819,149,3421
2020-12-04,USA,8926,117,4082
2020-12-05,USA,9316,139,4144
2020-12-06,USA,9733,145,3433
2020-12-07,USA,9638,155,3393
2020-12-08,USA,9683,114,3203
2020-12-09,USA,9424,93,3781
2020-12-10,USA,9812,150,3491
2020-12-11,USA,8408,96,3976
2020-12-12,USA,9114,145,4159
2020-12-13,USA,9576,127,4163
2020-12-14,USA,9816,100,3829
2020-12-15,USA,9106,142,3642
2020-12-16,USA,9239,100,3617
2020-12-17,USA,9073,138,3941
2020-12-18,USA,9345,120,3550
2020-12-19,USA,9561,149,3695
2020-12-20,USA,9326,128,3605
2020-12-21,USA,9288,143,4039
2020-12-22,USA,8777,103,3950
2020-12-23,USA,8887,154,4106
2020-12-24,USA,9578,146,3350
2020-12-25,USA,9215,143,4149
2020-12-26,USA,8650,92,3723
2020-12-27,USA,9462,104,4095
2020-12-28,USA,9719,131,4025
2020-12-29,USA,9273,155,4184
2020-12-30,USA,9211,146,4139
2020-12-31,USA,9092,142,3538
2020-01-01,India,6604,425,3275
2020-01-02,India,6881,443,3242
2020-01-03,India,6305,428,2863
2020-01-04,India,6545,437,3117
2020-01-05,India,5981,433,3212
2020-01-06,India,5827,466,2630
2020-01-07,India,6342,482,3221
2020-01-08,India,6125,477,2717
2020-01-09,India,5754,450,2741
2020-01-10,India,5684,448,2642
2020-01-11,India,5640,462,3152
2020-01-12,India,5595,426,2613
2020-01-13,India,5754,425,3232
2020-01-14,India,6902,455,2655
2020-01-15,India,5677,478,2493
2020-01-16,India,6670,449,2374
2020-01-17,India,5558,464,2648
2020-01-18,India,6616,466,2904
2020-01-19,India,5854,426,3202
2020-01-20,India,6626,439,2854
2020-01-21,India,6077,453,2560
2020-01-22,India,5517,468,2972
2020-01-23,India,6391,483,2527
2020-01-24,India,6107,462,3111
2020-01-25,India,5964,431,2817
2020-01-26,India,5876,423,2446
2020-01-27,India,5705,451,3120
2020-01-28,India,5532,442,2490
2020-01-29,India,5823,471,3268
2020-01-30,India,6692,444,2522
2020-01-31,India,6079,447,2464
2020-02-01,India,6859,439,2791
2020-02-02,India,6722,469,2342
2020-02-03,India,5839,458,2462
2020-02-04,India,6924,442,2605
2020-02-05,India,6657,439,2645
2020-02-06,India,6424,442,2343
2020-02-07,India,6999,439,3234
2020-02-08,India,5861,442,2361
2020-02-09,India,6320,425,2360
2020-02-10,India,6501,471,3138
2020-02-11,India,6315,440,2325
2020-02-12,India,5649,442,2445
2020-02-13,India,6928,457,2673
2020-02-14,India,6942,464,3101
2020-02-15,India,6467,482,2536
2020-02-16,India,5973,443,2694
2020-02-17,India,5577,436,2510
2020-02-18,India,6153,464,2994
2020-02-19,India,5671,472,2651
2020-02-20,India,6795,426,3017
2020-02-21,India,6099,454,2962
2020-02-22,India,6255,468,2845
2020-02-23,India,6274,485,2690
2020-02-24,India,5893,466,3272
2020-02-25,India,6579,454,2685
2020-02-26,India,5521,452,2736
2020-02-27,India,6273,466,2611
2020-02-28,India,5533,483,2552
2020-02-29,India,6220,465,2978
2020-03-01,India,6774,428,2998
2020-03-02,India,5883,468,2705
2020-03-03,India,6949,484,2671
2020-03-04,India,6172,460,2677
2020-03-05,India,5713,436,2533
2020-03-06,India,6378,462,2908
2020-03-07,India,5819,467,2700
2020-03-08,India,5695,445,2926
2020-03-09,India,5634,473,2414
2020-03-10,India,6526,474,3012
2020-03-11,India,6341,432,3024
2020-03-12,India,6659,468,2900
2020-03-13,India,5815,479,2646
2020-03-14,India,6428,448,3189
2020-03-15,India,6365,486,2581
2020-03-16,India,6473,485,3150
2020-03-17,India,6026,442,2336
2020-03-18,India,5832,453,2743
2020-03-19,India,6876,428,2396
2020-03-20,India,5634,490,2496
2020-03-21,India,6696,428,2904
2020-03-22,India,6463,487,3267
2020-03-23,India,6291,475,3156
2020-03-24,India,6856,480,2719
2020-03-25,India,6482,426,2470
2020-03-26,India,6758,449,2415
2020-03-27,India,5824,436,2466
2020-03-28,India,5872,431,2649
2020-03-29,India,5960,450,2380
2020-03-30,India,6479,452,2590
2020-03-31,India,6456,486,2885
2020-04-01,India,5520,485,2905
2020-04-02,India,5543,463,2469
2020-04-03,India,5956,429,2906
2020-04-04,India,5578,466,2407
2020-04-05,India,6514,436,3112
2020-04-06,India,6838,434,3065
2020-04-07,India,6334,448,2580
2020-04-08,India,6456,455,3060
2020-04-09,India,5549,445,2688
2020-04-10,India,6140,490,2870
2020-04-11,India,6037,436,2571
2020-04-12,India,5940,455,2761
2020-04-13,India,5571,490,2387
2020-04-14,India,6246,432,2469
2020-04-15,India,6154,475,3116
2020-04-16,India,5580,476,3225
2020-04-17,India,6348,455,3132
2020-04-18,India,6085,428,2478
2020-04-19,India,6890,424,3090
2020-04-20,India,6843,466,2858
2020-04-21,India,6158,462,2358
2020-04-22,India,5787,435,2451
2020-04-23,India,6876,462,2338
2020-04-24,India,5999,463,2710
2020-04-25,India,6164,442,3137
2020-04-26,India,6281,460,3101
2020-04-27,India,5880,485,2799
2020-04-28,India,6433,447,3166
2020-04-29,India,6223,479,2436
2020-04-30,India,6956,486,3133
2020-05-01,India,6255,489,2525
2020-05-02,India,5885,489,2367
2020-05-03,India,6254,486,2951
2020-05-04,India,5520,427,3169
2020-05-05,India,6412,468,2853
2020-05-06,India,6443,450,2459
2020-05-07,India,6822,430,2329
2020-05-08,India,6735,437,3026
2020-05-09,India,6192,451,2379
2020-05-10,India,5714,433,2553
2020-05-11,India,6406,455,3295
2020-05-12,India,6843,423,2552
2020-05-13,India,5741,467,2417
2020-05-14,India,6372,444,2643
2020-05-15,India,6713,478,2609
2020-05-16,India,5905,451,2425
2020-05-17,India,6811,431,2709
2020-05-18,India,6171,448,2797
2020-05-19,India,5697,467,2444
2020-05-20,India,6869,478,2737
2020-05-21,India,6807,436,2399
2020-05-22,India,6812,451,2651
2020-05-23,India,5694,430,2408
2020-05-24,India,6515,449,2349
2020-05-25,India,6175,447,3289
2020-05-26,India,5799,451,2812
2020-05-27,India,6467,470,2451
2020-05-28,India,6944,467,2887
2020-05-29,India,6443,432,2891
2020-05-30,India,6565,447,2573
2020-05-31,India,6057,438,3052
2020-06-01,India,6478,487,2485
2020-06-02,India,6435,466,2735
2020-06-03,India,5936,426,2668
2020-06-04,India,5985,474,2437
2020-06-05,India,6224,434,2419
2020-06-06,India,5752,445,2944
2020-06-07,India,6560,486,2750
2020-06-08,India,5843,459,3060
2020-06-09,India,6216,488,2786
2020-06-10,India,5892,471,2803
2020-06-11,India,6938,457,3008
2020-06-12,India,6121,462,2966
2020-06-13,India,6602,425,3170
2020-06-14,India,6228,459,3247
2020-06-15,India,6812,459,3215
2020-06-16,India,5765,426,2984
2020-06-17,India,6743,478,2875
2020-06-18,India,6857,468,2427
2020-06-19,India,5624,449,2531
2020-06-20,India,5724,448,2385
2020-06-21,India,6079,445,2765
2020-06-22,India,6508,443,2413
2020-06-23,India,6715,458,3216
2020-06-24,India,6235,424,2428
2020-06-25,India,6111,486,3094
2020-06-26,India,6952,431,2678
2020-06-27,India,6551,486,2808
2020-06-28,India,6911,433,3012
2020-06-29,India,6827,454,3107
2020-06-30,India,6086,446,2831
2020-07-01,India,6987,439,2752
2020-07-02,India,6787,457,2797
2020-07-03,India,6891,456,2502
2020-07-04,India,6916,484,2792
2020-07-05,India,5610,480,2621
2020-07-06,India,5579,474,3062
2020-07-07,India,6203,458,3203
2020-07-08,India,6902,437,3194
2020-07-09,India,6990,485,3206
2020-07-10,India,5984,454,2834
2020-07-11,India,5769,463,3208
2020-07-12,India,5970,489,2448
2020-07-13,India,6247,458,2799
2020-07-14,India,6071,468,2516
2020-07-15,India,5716,462,2711
2020-07-16,India,6350,489,3158
2020-07-17,India,6227,489,2610
2020-07-18,India,6031,441,3226
2020-07-19,India,6450,483,2995
2020-07-20,India,6017,469,2753
2020-07-21,India,5894,455,3209
2020-07-22,India,5606,478,2609
2020-07-23,India,6303,430,2726
2020-07-24,India,5706,452,3229
2020-07-25,India,6498,441,2843
2020-07-26,India,5643,471,3024
2020-07-27,India,6264,478,3277
2020-07-28,India,5846,428,3134
2020-07-29,India,5610,484,3193
2020-07-30,India,6439,451,2451
2020-07-31,India,6708,479,3200
2020-08-01,India,6912,490,2366
2020-08-02,India,6770,447,2474
2020-08-03,India,6367,464,2704
2020-08-04,India,6451,447,2986
2020-08-05,India,6170,475,3005
2020-08-06,India,5592,474,2766
2020-08-07,India,5919,475,2788
2020-08-08,India,5852,486,2371
2020-08-09,India,6842,476,2685
2020-08-10,India,5935,483,3159
2020-08-11,India,6040,438,2467
2020-08-12,India,6478,475,2431
2020-08-13,India,5752,434,2647
2020-08-14,India,6504,467,2993
2020-08-15,India,6832,445,3108
2020-08-16,India,6494,459,2974
2020-08-17,India,6772,428,2465
2020-08-18,India,5518,483,2388
2020-08-19,India,6921,427,2862
2020-08-20,India,6459,442,2364
2020-08-21,India,5503,427,3171
2020-08-22,India,5539,432,3211
2020-08-23,India,6672,469,2621
2020-08-24,India,5973,481,3241
2020-08-25,India,6034,431,2400
2020-08-26,India,5841,461,3197
2020-08-27,India,6360,466,2410
2020-08-28,India,6617,491,3070
2020-08-29,India,5827,460,3241
2020-08-30,India,6844,463,2715
2020-08-31,India,6732,456,2795
2020-09-01,India,5699,460,2874
2020-09-02,India,5890,471,2834
2020-09-03,India,5882,464,3017
2020-09-04,India,6156,432,2374
2020-09-05,India,6572,465,2586
2020-09-06,India,6298,425,2460
2020-09-07,India,5662,446,3201
2020-09-08,India,6202,477,3030
2020-09-09,India,6261,444,2982
2020-09-10,India,6725,470,2349
2020-09-11,India,6548,452,3025
2020-09-12,India,5645,444,2619
2020-09-13,India,6253,468,2627
2020-09-14,India,5942,462,2327
2020-09-15,India,6161,440,3137
2020-09-16,India,6410,444,3236
2020-09-17,India,6156,442,2763
2020-09-18,India,6483,471,2673
2020-09-19,India,6546,445,2515
2020-09-20,India,6407,463,2428
2020-09-21,India,6261,486,2323
2020-09-22,India,5734,426,2655
2020-09-23,India,6858,484,2458
2020-09-24,India,6401,429,2354
2020-09-25,India,6677,423,2883
2020-09-26,India,6881,437,2351
2020-09-27,India,6115,470,3066
2020-09-28,India,5864,431,2441
2020-09-29,India,6846,476,3086
2020-09-30,India,6477,467,2407
2020-10-01,India,5769,487,2360
2020-10-02,India,6374,489,2796
2020-10-03,India,6358,428,2640
2020-10-04,India,6836,437,2687
2020-10-05,India,6056,468,2497
2020-10-06,India,6841,477,2692
2020-10-07,India,6401,457,2826
2020-10-08,India,5798,439,3137
2020-10-09,India,6610,442,2810
2020-10-10,India,6909,452,3264
2020-10-11,India,6064,438,2681
2020-10-12,India,5521,462,3240
2020-10-13,India,6388,477,2583
2020-10-14,India,5765,438,2522
2020-10-15,India,5923,478,2357
2020-10-16,India,5806,442,2940
2020-10-17,India,6325,478,2754
2020-10-18,India,6799,458,3056
2020-10-19,India,5953,433,2354
2020-10-20,India,6713,442,2976
2020-10-21,India,6808,479,3253
2020-10-22,India,6230,466,2972
2020-10-23,India,6332,440,2389
2020-10-24,India,5720,464,2520
2020-10-25,India,6814,480,3174
2020-10-26,India,6568,486,2370
2020-10-27,India,6621,472,2402
2020-10-28,India,6081,441,2472
2020-10-29,India,6163,431,2303
2020-10-30,India,6351,490,2633
2020-10-31,India,6124,424,3001
2020-11-01,India,5987,433,3191
2020-11-02,India,6845,467,2753
2020-11-03,India,6691,489,3100
2020-11-04,India,6029,443,2950
2020-11-05,India,5692,442,3201
2020-11-06,India,5822,454,2452
2020-11-07,India,6794,425,2608
2020-11-08,India,5991,451,2592
2020-11-09,India,6241,455,3205
2020-11-10,India,5969,464,2442
2020-11-11,India,5772,477,3232
2020-11-12,India,6757,444,2886
2020-11-13,India,6932,429,2791
2020-11-14,India,5992,457,2364
2020-11-15,India,6646,457,3059
2020-11-16,India,5646,459,2865
2020-11-17,India,6710,441,2701
2020-11-18,India,5552,456,3201
2020-11-19,India,5664,458,2354
2020-11-20,India,5601,475,2861
2020-11-21,India,5964,474,3241
2020-11-22,India,6548,437,2933
2020-11-23,India,6970,485,2894
2020-11-24,India,6969,431,3098
2020-11-25,India,6195,432,2690
2020-11-26,India,5546,472,2347
2020-11-27,India,6429,439,2380
2020-11-28,India,6807,464,3155
2020-11-29,India,6410,448,3065
2020-11-30,India,5688,436,2546
2020-12-01,India,6147,477,2690
2020-12-02,India,6260,430,2530
2020-12-03,India,5781,483,2748
2020-12-04,India,6821,473,3052
2020-12-05,India,5789,468,3072
2020-12-06,India,5831,465,2547
2020-12-07,India,5905,461,2849
2020-12-08,India,6195,485,2564
2020-12-09,India,6851,464,2961
2020-12-10,India,6977,452,2788
2020-12-11,India,5826,467,2812
2020-12-12,India,6946,424,2534
2020-12-13,India,5880,455,2799
2020-12-14,India,5756,429,3130
2020-12-15,India,5765,489,2948
2020-12-16,India,5984,477,2475
2020-12-17,India,5952,466,2830
2020-12-18,India,5613,438,3026
2020-12-19,India,6069,432,2996
2020-12-20,India,6203,423,3193
2020-12-21,India,6945,468,2455
2020-12-22,India,5825,442,2863
2020-12-23,India,6804,443,2922
2020-12-24,India,5527,448,3089
2020-12-25,India,6574,451,2877
2020-12-26,India,6527,427,3160
2020-12-27,India,6783,465,3141
2020-12-28,India,6235,458,2315
2020-12-29,India,6522,425,2913
2020-12-30,India,6693,438,2825
2020-12-31,India,6297,433,2924
2020-01-01,Brazil,7825,178,3284
2020-01-02,Brazil,8382,171,2859
2020-01-03,Brazil,8110,135,2741
2020-01-04,Brazil,7682,177,2783
2020-01-05,Brazil,7291,144,3455
2020-01-06,Brazil,7261,158,3295
2020-01-07,Brazil,7914,143,2998
2020-01-08,Brazil,7223,180,3241
2020-01-09,Brazil,7341,186,3146
2020-01-10,Brazil,8126,183,2670
2020-01-11,Brazil,7961,132,2803
2020-01-12,Brazil,7645,194,2786
2020-01-13,Brazil,7519,168,2651
2020-01-14,Brazil,7327,180,3455
2020-01-15,Brazil,7386,149,2789
2020-01-16,Brazil,7399,177,3296
2020-01-17,Brazil,7891,145,2934
2020-01-18,Brazil,8168,198,3212
2020-01-19,Brazil,7660,188,3497
2020-01-20,Brazil,8109,156,2872
2020-01-21,Brazil,7473,162,2961
2020-01-22,Brazil,8334,168,3428
2020-01-23,Brazil,8250,161,3061
2020-01-24,Brazil,7743,166,3252
2020-01-25,Brazil,8205,146,3344
2020-01-26,Brazil,7922,183,2999
2020-01-27,Brazil,8140,177,3441
2020-01-28,Brazil,8341,176,2923
2020-01-29,Brazil,7928,169,3213
2020-01-30,Brazil,7357,179,2749
2020-01-31,Brazil,7771,135,3043
2020-02-01,Brazil,7633,139,3403
2020-02-02,Brazil,7260,131,2919
2020-02-03,Brazil,7787,142,3464
2020-02-04,Brazil,7917,133,2683
2020-02-05,Brazil,7581,149,3196
2020-02-06,Brazil,7518,136,3460
2020-02-07,Brazil,7307,194,3437
2020-02-08,Brazil,8198,169,3521
2020-02-09,Brazil,7287,141,3497
2020-02-10,Brazil,7919,144,3332
2020-02-11,Brazil,7513,130,3018
2020-02-12,Brazil,7038,185,2766
2020-02-13,Brazil,7402,182,3063
2020-02-14,Brazil,8081,177,2716
2020-02-15,Brazil,7541,156,3298
2020-02-16,Brazil,8197,197,2668
2020-02-17,Brazil,7433,160,3103
2020-02-18,Brazil,8349,198,2948
2020-02-19,Brazil,7651,184,3169
2020-02-20,Brazil,7352,183,3390
2020-02-21,Brazil,7421,177,3226
2020-02-22,Brazil,7050,151,3079
2020-02-23,Brazil,7193,145,3260
2020-02-24,Brazil,7905,190,2696
2020-02-25,Brazil,7879,193,3085
2020-02-26,Brazil,7545,184,3455
2020-02-27,Brazil,8340,135,3416
2020-02-28,Brazil,7060,141,3274
2020-02-29,Brazil,8353,176,2883
2020-03-01,Brazil,8309,186,2795
2020-03-02,Brazil,8354,136,3256
2020-03-03,Brazil,7256,140,2787
2020-03-04,Brazil,7388,157,3233
2020-03-05,Brazil,8014,192,2800
2020-03-06,Brazil,8094,183,3409
2020-03-07,Brazil,7837,182,2649
2020-03-08,Brazil,7570,164,2905
2020-03-09,Brazil,7213,153,3547
2020-03-10,Brazil,7977,168,2887
2020-03-11,Brazil,8471,168,3274
2020-03-12,Brazil,7144,141,3191
2020-03-13,Brazil,7729,171,2797
2020-03-14,Brazil,8267,135,2951
2020-03-15,Brazil,8441,195,3459
2020-03-16,Brazil,7724,198,2972
2020-03-17,Brazil,8239,173,3561
2020-03-18,Brazil,7837,140,3163
2020-03-19,Brazil,7061,143,3253
2020-03-20,Brazil,8194,175,3248
2020-03-21,Brazil,8018,139,3123
2020-03-22,Brazil,7287,195,3617
2020-03-23,Brazil,7594,158,3538
2020-03-24,Brazil,7624,149,2690
2020-03-25,Brazil,8035,144,3584
2020-03-26,Brazil,7451,154,2714
2020-03-27,Brazil,7643,161,2773
2020-03-28,Brazil,7369,145,2628
2020-03-29,Brazil,7271,185,2845
2020-03-30,Brazil,8365,149,3616
2020-03-31,Brazil,8237,194,3310
2020-04-01,Brazil,7663,181,3108
2020-04-02,Brazil,8121,173,3310
2020-04-03,Brazil,8313,171,2705
2020-04-04,Brazil,7912,140,3433
2020-04-05,Brazil,8158,132,2763
2020-04-06,Brazil,7713,183,3068
2020-04-07,Brazil,8196,135,3444
2020-04-08,Brazil,7877,155,3558
2020-04-09,Brazil,8232,141,2966
2020-04-10,Brazil,8178,179,2662
2020-04-11,Brazil,7003,173,3239
2020-04-12,Brazil,7044,176,2993
2020-04-13,Brazil,7115,190,2765
2020-04-14,Brazil,7599,188,3554
2020-04-15,Brazil,7397,130,2715
2020-04-16,Brazil,7651,149,3272
2020-04-17,Brazil,7022,138,2857
2020-04-18,Brazil,7619,141,2786
2020-04-19,Brazil,7647,167,3046
2020-04-20,Brazil,7777,148,3204
2020-04-21,Brazil,8478,166,3164
2020-04-22,Brazil,7066,167,2883
2020-04-23,Brazil,8297,134,2998
2020-04-24,Brazil,7259,153,3271
2020-04-25,Brazil,7405,131,3489
2020-04-26,Brazil,7920,177,2690
2020-04-27,Brazil,7453,170,3467
2020-04-28,Brazil,7147,155,3547
2020-04-29,Brazil,7192,160,3147
2020-04-30,Brazil,7772,160,3025
2020-05-01,Brazil,8400,135,2735
2020-05-02,Brazil,8427,160,2822
2020-05-03,Brazil,7149,188,2742
2020-05-04,Brazil,7085,162,2881
2020-05-05,Brazil,8053,172,3525
2020-05-06,Brazil,7798,133,2775
2020-05-07,Brazil,7565,163,3385
2020-05-08,Brazil,7669,132,3132
2020-05-09,Brazil,7765,152,3014
2020-05-10,Brazil,8033,176,2990
2020-05-11,Brazil,7478,144,3162
2020-05-12,Brazil,8033,190,3458
2020-05-13,Brazil,7933,172,3500
2020-05-14,Brazil,8296,182,2684
2020-05-15,Brazil,7478,138,3233
2020-05-16,Brazil,7136,177,3584
2020-05-17,Brazil,7568,156,3451
2020-05-18,Brazil,8457,180,2699
2020-05-19,Brazil,7553,163,3221
2020-05-20,Brazil,7514,172,3342
2020-05-21,Brazil,8364,157,2917
2020-05-22,Brazil,7362,165,3171
2020-05-23,Brazil,7504,150,3459
2020-05-24,Brazil,7613,140,3124
2020-05-25,Brazil,7892,144,2908
2020-05-26,Brazil,8065,152,3121
2020-05-27,Brazil,8322,179,3185
2020-05-28,Brazil,8000,150,3259
2020-05-29,Brazil,7431,134,3360
2020-05-30,Brazil,7765,189,3426
2020-05-31,Brazil,8460,192,2802
2020-06-01,Brazil,7544,159,3593
2020-06-02,Brazil,7507,172,3235
2020-06-03,Brazil,7546,174,2722
2020-06-04,Brazil,8434,178,2853
2020-06-05,Brazil,7538,140,3004
2020-06-06,Brazil,7124,152,3594
2020-06-07,Brazil,8099,189,2780
2020-06-08,Brazil,8102,148,3437
2020-06-09,Brazil,8048,132,2659
2020-06-10,Brazil,8144,177,2951
2020-06-11,Brazil,7241,147,3245
2020-06-12,Brazil,8112,173,3394
2020-06-13,Brazil,7701,167,3024
2020-06-14,Brazil,7295,149,3158
2020-06-15,Brazil,8109,156,3115
2020-06-16,Brazil,7171,179,2773
2020-06-17,Brazil,8313,132,2932
2020-06-18,Brazil,8217,193,2984
2020-06-19,Brazil,7472,146,3573
2020-06-20,Brazil,7527,146,2695
2020-06-21,Brazil,7602,158,2776
2020-06-22,Brazil,7513,189,3432
2020-06-23,Brazil,7964,160,3502
2020-06-24,Brazil,7931,136,3443
2020-06-25,Brazil,7800,135,3332
2020-06-26,Brazil,7823,178,2795
2020-06-27,Brazil,8308,176,3095
2020-06-28,Brazil,7349,162,2873
2020-06-29,Brazil,7450,144,3324
2020-06-30,Brazil,7252,155,3059
2020-07-01,Brazil,7140,146,3017
2020-07-02,Brazil,8111,194,3317
2020-07-03,Brazil,7288,148,3305
2020-07-04,Brazil,7640,157,2921
2020-07-05,Brazil,7040,145,2686
2020-07-06,Brazil,8144,145,2658
2020-07-07,Brazil,8157,185,3197
2020-07-08,Brazil,8368,146,2674
2020-07-09,Brazil,7144,170,2954
2020-07-10,Brazil,7479,180,2898
2020-07-11,Brazil,8322,132,3599
2020-07-12,Brazil,7390,136,3127
2020-07-13,Brazil,8478,178,2667
2020-07-14,Brazil,8136,177,3324
2020-07-15,Brazil,7080,159,3164
2020-07-16,Brazil,7410,168,2625
2020-07-17,Brazil,8070,133,3364
2020-07-18,Brazil,7631,162,3353
2020-07-19,Brazil,7680,141,2625
2020-07-20,Brazil,7207,155,3225
2020-07-21,Brazil,7335,179,3357
2020-07-22,Brazil,7727,136,3511
2020-07-23,Brazil,7001,195,3458
2020-07-24,Brazil,7146,186,3582
2020-07-25,Brazil,7173,177,3100
2020-07-26,Brazil,7071,183,2913
2020-07-27,Brazil,7766,170,3548
2020-07-28,Brazil,7622,142,3388
2020-07-29,Brazil,8184,172,3121
2020-07-30,Brazil,7633,168,3433
2020-07-31,Brazil,7156,161,3516
2020-08-01,Brazil,7775,171,2799
2020-08-02,Brazil,7612,193,2781
2020-08-03,Brazil,8124,139,3204
2020-08-04,Brazil,7401,180,3403
2020-08-05,Brazil,8051,157,3324
2020-08-06,Brazil,8367,163,3172
2020-08-07,Brazil,7788,165,3345
2020-08-08,Brazil,7158,138,3514
2020-08-09,Brazil,7274,154,2628
2020-08-10,Brazil,7901,149,2956
2020-08-11,Brazil,7777,163,2667
2020-08-12,Brazil,7573,147,2879
2020-08-13,Brazil,8474,196,2628
2020-08-14,Brazil,7567,196,3369
2020-08-15,Brazil,8196,198,2631
2020-08-16,Brazil,7656,132,3029
2020-08-17,Brazil,8399,178,3155
2020-08-18,Brazil,7338,132,3490
2020-08-19,Brazil,7680,154,3516
2020-08-20,Brazil,7227,148,3342
2020-08-21,Brazil,7769,149,3199
2020-08-22,Brazil,7011,155,3484
2020-08-23,Brazil,8455,179,3138
2020-08-24,Brazil,8258,159,3601
2020-08-25,Brazil,7671,153,3326
2020-08-26,Brazil,8103,173,3551
2020-08-27,Brazil,7005,175,3222
2020-08-28,Brazil,8042,154,3239
2020-08-29,Brazil,7025,172,2880
2020-08-30,Brazil,8367,132,2861
2020-08-31,Brazil,8349,141,2832
2020-09-01,Brazil,8396,155,2638
2020-09-02,Brazil,7601,183,2741
2020-09-03,Brazil,7234,176,2907
2020-09-04,Brazil,7967,179,2785
2020-09-05,Brazil,8171,153,2899
2020-09-06,Brazil,7534,149,3449
2020-09-07,Brazil,8253,164,3196
2020-09-08,Brazil,7327,180,3327
2020-09-09,Brazil,7697,152,2779
2020-09-10,Brazil,6989,148,2875
2020-09-11,Brazil,7870,147,2823
2020-09-12,Brazil,8371,132,3327
2020-09-13,Brazil,7213,145,2888
2020-09-14,Brazil,7479,183,3519
2020-09-15,Brazil,8216,170,2761
2020-09-16,Brazil,7940,163,2883
2020-09-17,Brazil,7962,191,3092
2020-09-18,Brazil,7380,152,2936
2020-09-19,Brazil,8479,135,2743
2020-09-20,Brazil,7767,172,3452
2020-09-21,Brazil,7130,160,3415
2020-09-22,Brazil,8160,168,2817
2020-09-23,Brazil,7229,142,2726
2020-09-24,Brazil,7064,188,3339
2020-09-25,Brazil,7957,139,2669
2020-09-26,Brazil,7266,142,3109
2020-09-27,Brazil,7714,151,3057
2020-09-28,Brazil,7354,165,2822
2020-09-29,Brazil,8105,197,3175
2020-09-30,Brazil,7393,140,2910
2020-10-01,Brazil,7517,194,3529
2020-10-02,Brazil,8397,166,3206
2020-10-03,Brazil,7765,165,3366
2020-10-04,Brazil,7922,133,3125
2020-10-05,Brazil,7087,189,3446
2020-10-06,Brazil,7212,170,3271
2020-10-07,Brazil,7901,144,3243
2020-10-08,Brazil,7920,189,3275
2020-10-09,Brazil,7706,138,3087
2020-10-10,Brazil,7289,131,2674
2020-10-11,Brazil,7483,139,3568
2020-10-12,Brazil,7964,156,3009
2020-10-13,Brazil,7397,141,3149
2020-10-14,Brazil,8127,184,2709
2020-10-15,Brazil,7275,196,3248
2020-10-16,Brazil,8254,143,3224
2020-10-17,Brazil,7999,150,3598
2020-10-18,Brazil,7912,161,3422
2020-10-19,Brazil,8376,148,2785
2020-10-20,Brazil,8105,166,2781
2020-10-21,Brazil,7215,162,2624
2020-10-22,Brazil,8142,191,2740
2020-10-23,Brazil,7790,191,2628
2020-10-24,Brazil,7268,165,2834
2020-10-25,Brazil,7750,140,3273
2020-10-26,Brazil,7797,179,3198
2020-10-27,Brazil,7188,191,2989
2020-10-28,Brazil,7566,157,3191
2020-10-29,Brazil,8070,143,2984
2020-10-30,Brazil,8202,156,3178
2020-10-31,Brazil,7765,198,2857
2020-11-01,Brazil,8036,174,3107
2020-11-02,Brazil,7483,156,2762
2020-11-03,Brazil,7944,175,2686
2020-11-04,Brazil,7547,143,3378
2020-11-05,Brazil,7261,188,3616
2020-11-06,Brazil,8332,182,3609
2020-11-07,Brazil,7782,140,3089
2020-11-08,Brazil,7857,182,2953
2020-11-09,Brazil,8462,164,3511
2020-11-10,Brazil,7866,137,3122
2020-11-11,Brazil,7472,148,3526
2020-11-12,Brazil,7790,137,3112
2020-11-13,Brazil,8095,157,2955
2020-11-14,Brazil,7835,185,3126
2020-11-15,Brazil,8401,154,3080
2020-11-16,Brazil,7222,166,3315
2020-11-17,Brazil,7982,164,2661
2020-11-18,Brazil,7910,139,3614
2020-11-19,Brazil,7726,159,3291
2020-11-20,Brazil,7983,135,3553
2020-11-21,Brazil,7805,188,3355
2020-11-22,Brazil,8269,132,3230
2020-11-23,Brazil,7854,176,2768
2020-11-24,Brazil,7449,178,3615
2020-11-25,Brazil,7272,143,3095
2020-11-26,Brazil,7106,188,3504
2020-11-27,Brazil,7080,187,3203
2020-11-28,Brazil,7193,145,3515
2020-11-29,Brazil,7526,195,3579
2020-11-30,Brazil,7884,175,3114
2020-12-01,Brazil,8303,178,3478
2020-12-02,Brazil,7953,156,3347
2020-12-03,Brazil,7311,173,3565
2020-12-04,Brazil,8233,183,3187
2020-12-05,Brazil,8083,183,2905
2020-12-06,Brazil,7623,189,2886
2020-12-07,Brazil,7643,186,2796
2020-12-08,Brazil,7707,144,2918
2020-12-09,Brazil,8274,191,2806
2020-12-10,Brazil,7319,183,3007
2020-12-11,Brazil,8179,144,3278
2020-12-12,Brazil,8010,163,3560
2020-12-13,Brazil,7648,189,3193
2020-12-14,Brazil,8308,197,2983
2020-12-15,Brazil,8311,184,2827
2020-12-16,Brazil,7826,193,2933
2020-12-17,Brazil,7987,192,3167
2020-12-18,Brazil,7862,131,2632
2020-12-19,Brazil,7958,132,3444
2020-12-20,Brazil,7757,138,3455
2020-12-21,Brazil,7441,188,2776
2020-12-22,Brazil,7785,196,3210
2020-12-23,Brazil,8137,131,3546
2020-12-24,Brazil,8484,196,2706
2020-12-25,Brazil,7723,149,2831
2020-12-26,Brazil,7773,155,2977
2020-12-27,Brazil,7691,188,2802
2020-12-28,Brazil,7108,158,2873
2020-12-29,Brazil,8139,130,3255
2020-12-30,Brazil,7773,139,3537
2020-12-31,Brazil,7610,161,2981
2020-01-01,Russia,5555,247,5666
2020-01-02,Russia,5632,195,5762
2020-01-03,Russia,5264,201,5591
2020-01-04,Russia,5439,207,6209
2020-01-05,Russia,6317,215,5713
2020-01-06,Russia,5952,188,6303
2020-01-07,Russia,6469,189,6382
2020-01-08,Russia,5851,196,5823
2020-01-09,Russia,5612,201,5551
2020-01-10,Russia,5432,197,5784
2020-01-11,Russia,6095,205,5985
2020-01-12,Russia,6251,238,6282
2020-01-13,Russia,6314,235,5846
2020-01-14,Russia,5088,251,5561
2020-01-15,Russia,6045,195,5808
2020-01-16,Russia,5657,211,6286
2020-01-17,Russia,5863,214,6360
2020-01-18,Russia,5629,188,5425
2020-01-19,Russia,6191,253,6036
2020-01-20,Russia,5446,215,5401
2020-01-21,Russia,6204,226,6060
2020-01-22,Russia,6518,190,6187
2020-01-23,Russia,6411,224,6388
2020-01-24,Russia,6086,218,5946
2020-01-25,Russia,5451,233,5936
2020-01-26,Russia,6455,206,5506
2020-01-27,Russia,5288,244,5399
2020-01-28,Russia,6475,208,6112
2020-01-29,Russia,5708,252,5808
2020-01-30,Russia,5569,219,6217
2020-01-31,Russia,5654,238,5752
2020-02-01,Russia,6258,186,5659
2020-02-02,Russia,5174,239,6299
2020-02-03,Russia,5264,237,5768
2020-02-04,Russia,6360,196,6113
2020-02-05,Russia,5765,196,5837
2020-02-06,Russia,6553,188,5922
2020-02-07,Russia,5704,206,5955
2020-02-08,Russia,6469,247,5851
2020-02-09,Russia,5788,237,5750
2020-02-10,Russia,5351,215,5744
2020-02-11,Russia,6319,185,6372
2020-02-12,Russia,5094,220,5614
2020-02-13,Russia,5292,224,5586
2020-02-14,Russia,5115,188,5994
2020-02-15,Russia,5293,250,5427
2020-02-16,Russia,5873,231,5894
2020-02-17,Russia,6068,236,5539
2020-02-18,Russia,5440,203,5670
2020-02-19,Russia,6529,230,5878
2020-02-20,Russia,6069,246,6392
2020-02-21,Russia,5094,219,5650
2020-02-22,Russia,6122,189,5821
2020-02-23,Russia,5838,225,5991
2020-02-24,Russia,6299,234,6037
2020-02-25,Russia,6521,253,5733
2020-02-26,Russia,5382,230,5646
2020-02-27,Russia,5707,229,5589
2020-02-28,Russia,6054,221,5489
2020-02-29,Russia,5106,220,5914
2020-03-01,Russia,5973,253,6263
2020-03-02,Russia,6405,196,5912
2020-03-03,Russia,5621,225,5776
2020-03-04,Russia,5848,225,5553
2020-03-05,Russia,5997,226,6071
2020-03-06,Russia,6227,222,6189
2020-03-07,Russia,5496,199,6268
2020-03-08,Russia,6249,250,5958
2020-03-09,Russia,5674,229,6233
2020-03-10,Russia,6515,224,5406
2020-03-11,Russia,5786,188,5906
2020-03-12,Russia,5151,198,6006
2020-03-13,Russia,5533,249,5997
2020-03-14,Russia,6217,206,5788
2020-03-15,Russia,5599,192,5462
2020-03-16,Russia,6041,251,5828
2020-03-17,Russia,5471,186,6102
2020-03-18,Russia,5593,226,6178
2020-03-19,Russia,6020,239,5431
2020-03-20,Russia,6386,237,5792
2020-03-21,Russia,5577,198,5738
2020-03-22,Russia,6489,243,5959
2020-03-23,Russia,5574,211,5564
2020-03-24,Russia,5995,204,5423
2020-03-25,Russia,6239,205,5823
2020-03-26,Russia,6314,248,6384
2020-03-27,Russia,5237,199,6333
2020-03-28,Russia,6029,241,6218
2020-03-29,Russia,5384,242,5581
2020-03-30,Russia,6365,252,5596
2020-03-31,Russia,6150,191,5863
2020-04-01,Russia,6321,246,5523
2020-04-02,Russia,5104,236,6241
2020-04-03,Russia,6157,185,6009
2020-04-04,Russia,5291,199,5888
2020-04-05,Russia,6016,230,6282
2020-04-06,Russia,5590,220,5617
2020-04-07,Russia,6104,205,5402
2020-04-08,Russia,5298,224,5676
2020-04-09,Russia,5964,186,5950
2020-04-10,Russia,5208,253,5738
2020-04-11,Russia,5355,211,5671
2020-04-12,Russia,5394,248,6041
2020-04-13,Russia,5573,185,5551
2020-04-14,Russia,5930,241,6247
2020-04-15,Russia,5866,204,5618
2020-04-16,Russia,6348,210,6126
2020-04-17,Russia,5811,248,5547
2020-04-18,Russia,5814,189,6246
2020-04-19,Russia,6554,230,6020
2020-04-20,Russia,5600,222,6116
2020-04-21,Russia,5890,189,5903
2020-04-22,Russia,5241,185,6183
2020-04-23,Russia,6443,224,5674
2020-04-24,Russia,6369,189,6210
2020-04-25,Russia,5678,246,5599
2020-04-26,Russia,6350,204,6019
2020-04-27,Russia,6554,231,5799
2020-04-28,Russia,5396,215,5661
2020-04-29,Russia,5284,221,5499
2020-04-30,Russia,5080,236,5420
2020-05-01,Russia,6049,209,5622
2020-05-02,Russia,5616,234,5702
2020-05-03,Russia,6121,204,5758
2020-05-04,Russia,5083,204,6242
2020-05-05,Russia,5620,213,5644
2020-05-06,Russia,5984,210,5625
2020-05-07,Russia,6039,242,5769
2020-05-08,Russia,5107,200,5654
2020-05-09,Russia,5654,249,5443
2020-05-10,Russia,6411,244,5593
2020-05-11,Russia,6248,253,5741
2020-05-12,Russia,5811,221,6182
2020-05-13,Russia,5611,229,6182
2020-05-14,Russia,5793,195,5858
2020-05-15,Russia,6248,217,5849
2020-05-16,Russia,5220,187,6193
2020-05-17,Russia,6115,228,6201
2020-05-18,Russia,6024,250,5508
2020-05-19,Russia,6356,189,5538
2020-05-20,Russia,6093,246,5617
2020-05-21,Russia,5624,197,6123
2020-05-22,Russia,6466,217,6268
2020-05-23,Russia,5386,241,5917
2020-05-24,Russia,5536,213,5927
2020-05-25,Russia,5104,198,5855
2020-05-26,Russia,6070,193,5554
2020-05-27,Russia,5453,223,5535
2020-05-28,Russia,6514,236,6246
2020-05-29,Russia,5669,244,5730
2020-05-30,Russia,6129,205,5503
2020-05-31,Russia,5511,226,6118
2020-06-01,Russia,5564,226,6323
2020-06-02,Russia,5887,233,5453
2020-06-03,Russia,6426,211,6116
2020-06-04,Russia,6274,225,5704
2020-06-05,Russia,5142,225,6385
2020-06-06,Russia,6040,249,6297
2020-06-07,Russia,6322,251,5859
2020-06-08,Russia,6444,195,5546
2020-06-09,Russia,5266,218,5642
2020-06-10,Russia,5698,199,5838
2020-06-11,Russia,5694,217,6003
2020-06-12,Russia,5510,233,6103
2020-06-13,Russia,6390,195,5657
2020-06-14,Russia,5204,220,6124
2020-06-15,Russia,5820,203,6231
2020-06-16,Russia,6178,246,6150
2020-06-17,Russia,5840,198,6067
2020-06-18,Russia,6126,191,6059
2020-06-19,Russia,6545,225,5474
2020-06-20,Russia,6392,216,5950
2020-06-21,Russia,5748,194,6120
2020-06-22,Russia,5824,232,5705
2020-06-23,Russia,5182,205,5649
2020-06-24,Russia,5192,215,6352
2020-06-25,Russia,5604,227,5614
2020-06-26,Russia,5346,192,6393
2020-06-27,Russia,5811,246,6097
2020-06-28,Russia,5867,228,6373
2020-06-29,Russia,6551,198,5440
2020-06-30,Russia,5132,244,5838
2020-07-01,Russia,5968,244,5503
2020-07-02,Russia,5931,203,6118
2020-07-03,Russia,6514,218,5864
2020-07-04,Russia,5778,252,6189
2020-07-05,Russia,5682,197,6354
2020-07-06,Russia,6501,192,6192
2020-07-07,Russia,5571,212,5888
2020-07-08,Russia,5272,215,5574
2020-07-09,Russia,5430,227,5432
2020-07-10,Russia,5392,229,5862
2020-07-11,Russia,5481,217,5972
2020-07-12,Russia,6052,215,6088
2020-07-13,Russia,5149,240,5777
2020-07-14,Russia,5460,223,6349
2020-07-15,Russia,5694,232,5994
2020-07-16,Russia,5355,186,5564
2020-07-17,Russia,5432,250,6028
2020-07-18,Russia,6310,252,5714
2020-07-19,Russia,5776,220,5623
2020-07-20,Russia,6445,239,6339
2020-07-21,Russia,5955,216,5650
2020-07-22,Russia,5182,230,6223
2020-07-23,Russia,6317,185,5718
2020-07-24,Russia,6034,209,5881
2020-07-25,Russia,6034,251,5858
2020-07-26,Russia,6433,195,5843
2020-07-27,Russia,5621,231,5979
2020-07-28,Russia,5756,240,5750
2020-07-29,Russia,6332,224,6027
2020-07-30,Russia,5303,196,6365
2020-07-31,Russia,5755,243,6263
2020-08-01,Russia,6559,206,5619
2020-08-02,Russia,5404,246,5792
2020-08-03,Russia,5384,250,6051
2020-08-04,Russia,5878,214,5895
2020-08-05,Russia,5251,232,5697
2020-08-06,Russia,5958,200,5739
2020-08-07,Russia,5452,186,6175
2020-08-08,Russia,5376,244,5960
2020-08-09,Russia,5446,218,5867
2020-08-10,Russia,6320,237,5613
2020-08-11,Russia,5455,207,5787
2020-08-12,Russia,6078,227,6063
2020-08-13,Russia,5123,196,6024
2020-08-14,Russia,6113,237,5924
2020-08-15,Russia,5196,244,6038
2020-08-16,Russia,6447,240,6196
2020-08-17,Russia,6148,228,5716
2020-08-18,Russia,5297,227,5685
2020-08-19,Russia,6061,207,5640
2020-08-20,Russia,6315,229,5546
2020-08-21,Russia,5314,230,5635
2020-08-22,Russia,5792,223,6312
2020-08-23,Russia,5643,211,5799
2020-08-24,Russia,5319,196,5838
2020-08-25,Russia,6377,196,5606
2020-08-26,Russia,5749,235,6090
2020-08-27,Russia,6146,252,6319
2020-08-28,Russia,5542,200,6223
2020-08-29,Russia,5194,231,5586
2020-08-30,Russia,5860,199,5432
2020-08-31,Russia,5752,217,5743
2020-09-01,Russia,5648,246,5667
2020-09-02,Russia,6440,220,5752
2020-09-03,Russia,5406,216,6006
2020-09-04,Russia,6052,190,6359
2020-09-05,Russia,5901,219,6080
2020-09-06,Russia,6261,238,5619
2020-09-07,Russia,5348,234,5923
2020-09-08,Russia,5903,232,6297
2020-09-09,Russia,5211,190,6183
2020-09-10,Russia,5183,208,6355
2020-09-11,Russia,6025,229,6034
2020-09-12,Russia,5497,204,5690
2020-09-13,Russia,5569,249,5857
2020-09-14,Russia,5773,196,5585
2020-09-15,Russia,6213,250,6112
2020-09-16,Russia,6131,217,6077
2020-09-17,Russia,5243,228,5597
2020-09-18,Russia,5561,209,5806
2020-09-19,Russia,5764,203,5737
2020-09-20,Russia,6064,234,5561
2020-09-21,Russia,6469,230,5431
2020-09-22,Russia,5490,248,5827
2020-09-23,Russia,5662,216,5925
2020-09-24,Russia,6327,217,6311
2020-09-25,Russia,6546,195,5572
2020-09-26,Russia,6337,223,5559
2020-09-27,Russia,6071,222,5705
2020-09-28,Russia,6420,247,6277
2020-09-29,Russia,5357,252,5744
2020-09-30,Russia,5983,239,5559
2020-10-01,Russia,6561,209,5796
2020-10-02,Russia,6169,253,5713
2020-10-03,Russia,5398,215,6260
2020-10-04,Russia,5685,243,5881
2020-10-05,Russia,5753,213,5589
2020-10-06,Russia,6545,193,5646
2020-10-07,Russia,6438,251,5414
2020-10-08,Russia,5871,219,6032
2020-10-09,Russia,6251,187,6216
2020-10-10,Russia,5933,246,5875
2020-10-11,Russia,5101,189,6205
2020-10-12,Russia,6423,226,5438
2020-10-13,Russia,5458,214,5679
2020-10-14,Russia,5929,230,5849
2020-10-15,Russia,6134,185,5871
2020-10-16,Russia,5145,216,5569
2020-10-17,Russia,5940,204,6087
2020-10-18,Russia,5268,206,5792
2020-10-19,Russia,6318,186,5754
2020-10-20,Russia,5778,249,6179
2020-10-21,Russia,5109,212,5765
2020-10-22,Russia,6055,207,6249
2020-10-23,Russia,6383,197,6049
2020-10-24,Russia,6300,223,5795
2020-10-25,Russia,6263,214,6372
2020-10-26,Russia,5913,230,6352
2020-10-27,Russia,6567,194,5472
2020-10-28,Russia,5260,196,6123
2020-10-29,Russia,6062,242,6147
2020-10-30,Russia,5487,229,6360
2020-10-31,Russia,5943,243,5569
2020-11-01,Russia,5690,208,5778
2020-11-02,Russia,5366,247,6180
2020-11-03,Russia,5778,209,6245
2020-11-04,Russia,5788,224,6381
2020-11-05,Russia,6107,196,5485
2020-11-06,Russia,5289,207,6305
2020-11-07,Russia,5663,206,5796
2020-11-08,Russia,6003,248,5841
2020-11-09,Russia,6127,186,5771
2020-11-10,Russia,5439,194,5631
2020-11-11,Russia,5568,239,6245
2020-11-12,Russia,6194,228,5728
2020-11-13,Russia,6298,189,5787
2020-11-14,Russia,6169,226,5642
2020-11-15,Russia,5083,211,6037
2020-11-16,Russia,6063,252,6038
2020-11-17,Russia,6045,195,6320
2020-11-18,Russia,6487,219,5845
2020-11-19,Russia,5928,229,5720
2020-11-20,Russia,6316,219,5500
2020-11-21,Russia,6356,239,5865
2020-11-22,Russia,5311,202,5911
2020-11-23,Russia,5097,209,6114
2020-11-24,Russia,6486,215,5667
2020-11-25,Russia,6496,253,5951
2020-11-26,Russia,6020,204,5758
2020-11-27,Russia,6018,206,6156
2020-11-28,Russia,5330,209,6093
2020-11-29,Russia,6406,201,6133
2020-11-30,Russia,6019,250,6315
2020-12-01,Russia,5856,245,6164
2020-12-02,Russia,5352,239,5549
2020-12-03,Russia,5362,241,6366
2020-12-04,Russia,5317,215,6270
2020-12-05,Russia,6262,186,6088
2020-12-06,Russia,6481,199,6325
2020-12-07,Russia,6169,228,6226
2020-12-08,Russia,6497,221,5814
2020-12-09,Russia,5541,245,6150
2020-12-10,Russia,5852,245,6100
2020-12-11,Russia,5952,239,5863
2020-12-12,Russia,5967,246,5840
2020-12-13,Russia,5446,230,5715
2020-12-14,Russia,6515,207,5943
2020-12-15,Russia,5217,216,5543
2020-12-16,Russia,5321,224,6170
2020-12-17,Russia,5828,226,5663
2020-12-18,Russia,5921,247,5839
2020-12-19,Russia,5953,215,5837
2020-12-20,Russia,5980,252,6363
2020-12-21,Russia,5340,224,6257
2020-12-22,Russia,5194,251,5730
2020-12-23,Russia,5532,238,5888
2020-12-24,Russia,5074,211,6133
2020-12-25,Russia,6511,200,6038
2020-12-26,Russia,6244,250,5727
2020-12-27,Russia,5598,227,5564
2020-12-28,Russia,5973,201,6063
2020-12-29,Russia,5934,213,6218
2020-12-30,Russia,5519,194,5893
2020-12-31,Russia,6531,216,6316
2020-01-01,UK,8686,431,3766
2020-01-02,UK,8235,407,4106
2020-01-03,UK,8118,436,4267
2020-01-04,UK,8475,431,4006
2020-01-05,UK,9153,404,3945
2020-01-06,UK,8551,374,3697
2020-01-07,UK,9172,403,3833
2020-01-08,UK,8720,407,3983
2020-01-09,UK,8779,424,4027
2020-01-10,UK,8158,416,3740
2020-01-11,UK,8522,393,3576
2020-01-12,UK,7971,393,4171
2020-01-13,UK,8469,385,4372
2020-01-14,UK,8166,414,3567
2020-01-15,UK,8910,411,4227
2020-01-16,UK,9000,375,3558
2020-01-17,UK,8175,382,3609
2020-01-18,UK,9128,369,4240
2020-01-19,UK,7894,418,3654
2020-01-20,UK,8254,391,4467
2020-01-21,UK,8142,432,3819
2020-01-22,UK,8411,431,4073
2020-01-23,UK,8563,411,4194
2020-01-24,UK,7969,389,4470
2020-01-25,UK,8185,424,3934
2020-01-26,UK,8616,433,4334
2020-01-27,UK,7711,383,4084
2020-01-28,UK,8365,378,4099
2020-01-29,UK,7831,374,4135
2020-01-30,UK,7973,396,4243
2020-01-31,UK,8374,377,3545
2020-02-01,UK,8485,402,4454
2020-02-02,UK,8139,378,4225
2020-02-03,UK,7946,430,3739
2020-02-04,UK,8342,412,3742
2020-02-05,UK,8651,378,3759
2020-02-06,UK,8471,436,3853
2020-02-07,UK,7851,378,4163
2020-02-08,UK,7847,399,3753
2020-02-09,UK,8092,415,4028
2020-02-10,UK,9169,379,3572
2020-02-11,UK,7948,429,4254
2020-02-12,UK,8018,383,3959
2020-02-13,UK,9143,402,4127
2020-02-14,UK,8012,391,3548
2020-02-15,UK,9098,411,3777
2020-02-16,UK,8424,407,3506
2020-02-17,UK,8296,437,3607
2020-02-18,UK,8278,420,4224
2020-02-19,UK,8090,385,4227
2020-02-20,UK,8718,382,3911
2020-02-21,UK,9001,380,4075
2020-02-22,UK,8819,400,4029
2020-02-23,UK,8865,381,4160
2020-02-24,UK,8243,395,4277
2020-02-25,UK,8284,432,4091
2020-02-26,UK,9193,413,3823
2020-02-27,UK,7890,375,4128
2020-02-28,UK,8027,427,4114
2020-02-29,UK,8062,433,4194
2020-03-01,UK,8002,378,3595
2020-03-02,UK,8681,400,3488
2020-03-03,UK,8147,405,4249
2020-03-04,UK,9180,383,3643
2020-03-05,UK,8445,370,3866
2020-03-06,UK,8705,379,4297
2020-03-07,UK,8583,376,4299
2020-03-08,UK,7891,418,4143
2020-03-09,UK,7805,436,4042
2020-03-10,UK,8695,392,3757
2020-03-11,UK,8499,432,4381
2020-03-12,UK,7788,377,3581
2020-03-13,UK,8727,403,3836
2020-03-14,UK,7959,411,4375
2020-03-15,UK,8768,431,3997
2020-03-16,UK,8795,433,4110
2020-03-17,UK,8162,382,3810
2020-03-18,UK,8833,390,4268
2020-03-19,UK,8601,416,3882
2020-03-20,UK,8342,433,4095
2020-03-21,UK,7858,388,3734
2020-03-22,UK,8478,393,3550
2020-03-23,UK,8971,393,4436
2020-03-24,UK,7917,414,3770
2020-03-25,UK,8788,384,4311
2020-03-26,UK,8201,370,4270
2020-03-27,UK,9010,398,3880
2020-03-28,UK,8836,371,3667
2020-03-29,UK,8809,419,4132
2020-03-30,UK,8429,423,3635
2020-03-31,UK,8124,414,4172
2020-04-01,UK,7781,386,4137
2020-04-02,UK,8746,397,3612
2020-04-03,UK,8805,369,4444
2020-04-04,UK,8275,413,4051
2020-04-05,UK,8662,376,3933
2020-04-06,UK,8381,383,4297
2020-04-07,UK,8497,393,3900
2020-04-08,UK,9071,423,3800
2020-04-09,UK,8511,409,4237
2020-04-10,UK,7990,387,3978
2020-04-11,UK,8231,406,3580
2020-04-12,UK,8603,374,4206
2020-04-13,UK,8191,427,4247
2020-04-14,UK,7996,382,3885
2020-04-15,UK,8763,432,4267
2020-04-16,UK,9192,426,3890
2020-04-17,UK,8083,390,3823
2020-04-18,UK,8283,399,3610
2020-04-19,UK,7989,419,4288
2020-04-20,UK,8067,410,4385
2020-04-21,UK,8867,408,4287
2020-04-22,UK,9197,429,3967
2020-04-23,UK,7968,400,3964
2020-04-24,UK,8230,420,3613
2020-04-25,UK,9047,431,3928
2020-04-26,UK,7841,407,3619
2020-04-27,UK,8005,413,3613
2020-04-28,UK,8103,380,4323
2020-04-29,UK,8005,388,4412
2020-04-30,UK,8860,386,3969
2020-05-01,UK,8075,415,4376
2020-05-02,UK,7913,409,3906
2020-05-03,UK,8785,400,3932
2020-05-04,UK,7992,393,3989
2020-05-05,UK,8986,394,3794
2020-05-06,UK,7801,436,3640
2020-05-07,UK,8392,409,4070
2020-05-08,UK,8086,373,3976
2020-05-09,UK,9186,434,4388
2020-05-10,UK,8311,388,3988
2020-05-11,UK,8398,406,4058
2020-05-12,UK,8809,388,3930
2020-05-13,UK,7839,421,4134
2020-05-14,UK,8674,378,4013
2020-05-15,UK,8081,385,4470
2020-05-16,UK,8467,388,4335
2020-05-17,UK,8074,435,3594
2020-05-18,UK,8636,378,3662
2020-05-19,UK,9100,378,3667
2020-05-20,UK,7705,418,4101
2020-05-21,UK,9076,386,3719
2020-05-22,UK,7798,433,3723
2020-05-23,UK,8363,436,3885
2020-05-24,UK,8261,402,4287
2020-05-25,UK,8821,406,4432
2020-05-26,UK,8571,419,3519
2020-05-27,UK,8170,370,4424
2020-05-28,UK,8557,371,3859
2020-05-29,UK,8539,395,4386
2020-05-30,UK,8644,386,3704
2020-05-31,UK,8086,370,3566
2020-06-01,UK,9073,436,3534
2020-06-02,UK,8881,409,4077
2020-06-03,UK,8003,388,4102
2020-06-04,UK,8660,431,4209
2020-06-05,UK,8395,411,3531
2020-06-06,UK,8480,412,3669
2020-06-07,UK,8040,401,3514
2020-06-08,UK,8957,396,3486
2020-06-09,UK,8245,422,3921
2020-06-10,UK,8922,391,4116
2020-06-11,UK,8575,424,3525
2020-06-12,UK,8343,415,4012
2020-06-13,UK,8825,379,3485
2020-06-14,UK,7880,401,3855
2020-06-15,UK,8749,402,4248
2020-06-16,UK,8222,403,3620
2020-06-17,UK,8714,431,3834
2020-06-18,UK,8173,408,4311
2020-06-19,UK,7812,435,4408
2020-06-20,UK,8448,408,3980
2020-06-21,UK,8922,435,3751
2020-06-22,UK,8568,398,4209
2020-06-23,UK,8215,381,4082
2020-06-24,UK,8062,382,3914
2020-06-25,UK,7894,434,4066
2020-06-26,UK,9192,423,3965
2020-06-27,UK,8201,384,4095
2020-06-28,UK,8509,416,4475
2020-06-29,UK,7741,375,3903
2020-06-30,UK,8621,409,4267
2020-07-01,UK,7993,383,3772
2020-07-02,UK,8516,409,3497
2020-07-03,UK,7877,416,4022
2020-07-04,UK,9051,398,3830
2020-07-05,UK,8770,425,4015
2020-07-06,UK,9187,411,4053
2020-07-07,UK,9033,424,4002
2020-07-08,UK,8088,385,3981
2020-07-09,UK,9020,431,4469
2020-07-10,UK,8617,386,4197
2020-07-11,UK,8928,425,3620
2020-07-12,UK,8207,395,4314
2020-07-13,UK,8730,404,4087
2020-07-14,UK,8874,378,3623
2020-07-15,UK,7812,430,4027
2020-07-16,UK,7977,434,4179
2020-07-17,UK,9146,417,4067
2020-07-18,UK,8622,411,3901
2020-07-19,UK,8256,437,3550
2020-07-20,UK,9190,424,3801
2020-07-21,UK,8831,380,3633
2020-07-22,UK,7898,418,4098
2020-07-23,UK,8674,405,3766
2020-07-24,UK,8263,412,4446
2020-07-25,UK,9058,386,3598
2020-07-26,UK,8736,393,4218
2020-07-27,UK,8405,390,3692
2020-07-28,UK,8539,437,3832
2020-07-29,UK,8513,411,4350
2020-07-30,UK,8951,413,3874
2020-07-31,UK,9064,392,4063
2020-08-01,UK,9109,408,3993
2020-08-02,UK,8596,431,3816
2020-08-03,UK,8656,406,3726
2020-08-04,UK,7987,379,3859
2020-08-05,UK,9090,398,4190
2020-08-06,UK,9167,394,3996
2020-08-07,UK,8457,421,4014
2020-08-08,UK,7756,393,4353
2020-08-09,UK,8540,405,3956
2020-08-10,UK,8908,406,4331
2020-08-11,UK,7729,369,3608
2020-08-12,UK,8496,383,3891
2020-08-13,UK,8372,386,3958
2020-08-14,UK,8272,426,3599
2020-08-15,UK,8291,373,4229
2020-08-16,UK,8448,379,3740
2020-08-17,UK,8748,403,4076
2020-08-18,UK,8016,378,4215
2020-08-19,UK,9097,429,4241
2020-08-20,UK,8887,417,3549
2020-08-21,UK,7786,414,4224
2020-08-22,UK,7866,437,3487
2020-08-23,UK,7747,427,4274
2020-08-24,UK,8834,436,4141
2020-08-25,UK,8470,384,3715
2020-08-26,UK,8784,426,4275
2020-08-27,UK,8793,400,3883
2020-08-28,UK,8910,382,4136
2020-08-29,UK,7857,369,3496
2020-08-30,UK,8001,433,4384
2020-08-31,UK,9157,386,3605
2020-09-01,UK,8517,437,4013
2020-09-02,UK,8076,383,3996
2020-09-03,UK,8247,412,3546
2020-09-04,UK,8497,421,3861
2020-09-05,UK,9189,420,4060
2020-09-06,UK,8947,409,4149
2020-09-07,UK,8839,425,3851
2020-09-08,UK,8825,391,3606
2020-09-09,UK,8481,412,4172
2020-09-10,UK,8084,382,3629
2020-09-11,UK,9067,383,4075
2020-09-12,UK,8488,390,4163
2020-09-13,UK,8312,407,4202
2020-09-14,UK,8110,398,3935
2020-09-15,UK,9046,388,4231
2020-09-16,UK,8759,376,3776
2020-09-17,UK,8473,386,4222
2020-09-18,UK,8297,421,4055
2020-09-19,UK,8910,389,4088
2020-09-20,UK,8624,377,3698
2020-09-21,UK,9099,381,4286
2020-09-22,UK,9065,421,4143
2020-09-23,UK,7727,382,4424
2020-09-24,UK,9145,430,4357
2020-09-25,UK,7748,403,4239
2020-09-26,UK,8293,421,3879
2020-09-27,UK,8082,428,3641
2020-09-28,UK,8520,435,3587
2020-09-29,UK,8574,378,4360
2020-09-30,UK,8557,395,3568
2020-10-01,UK,7950,407,4023
2020-10-02,UK,8429,397,4281
2020-10-03,UK,7895,373,4046
2020-10-04,UK,9107,396,3526
2020-10-05,UK,8509,381,3728
2020-10-06,UK,8991,394,3872
2020-10-07,UK,7864,409,3655
2020-10-08,UK,8326,401,4017
2020-10-09,UK,8336,400,3634
2020-10-10,UK,9051,370,3847
2020-10-11,UK,8924,416,4334
2020-10-12,UK,8619,405,3997
2020-10-13,UK,8383,383,4364
2020-10-14,UK,8864,430,3822
2020-10-15,UK,9196,380,4129
2020-10-16,UK,9089,380,4350
2020-10-17,UK,8333,371,3594
2020-10-18,UK,7975,437,3522
2020-10-19,UK,8231,397,3615
2020-10-20,UK,7985,403,3835
2020-10-21,UK,7817,434,4182
2020-10-22,UK,7955,372,4105
2020-10-23,UK,9048,375,3838
2020-10-24,UK,7901,424,3484
2020-10-25,UK,8870,384,3936
2020-10-26,UK,8380,378,4118
2020-10-27,UK,8158,381,3861
2020-10-28,UK,7723,383,3583
2020-10-29,UK,8982,412,3676
2020-10-30,UK,8855,384,4163
2020-10-31,UK,7712,398,4196
2020-11-01,UK,8259,433,4406
2020-11-02,UK,8589,402,4479
2020-11-03,UK,8333,412,3883
2020-11-04,UK,9091,409,4348
2020-11-05,UK,8616,405,3885
2020-11-06,UK,8787,434,4170
2020-11-07,UK,8510,392,4054
2020-11-08,UK,8115,402,3748
2020-11-09,UK,8530,435,4121
2020-11-10,UK,8042,420,4302
2020-11-11,UK,8664,413,4409
2020-11-12,UK,8297,424,3575
2020-11-13,UK,8408,383,3740
2020-11-14,UK,8619,375,4056
2020-11-15,UK,8706,373,4475
2020-11-16,UK,9170,382,3715
2020-11-17,UK,8105,394,3617
2020-11-18,UK,7750,422,3872
2020-11-19,UK,9094,414,4167
2020-11-20,UK,9124,422,3854
2020-11-21,UK,8442,394,4122
2020-11-22,UK,9076,431,4098
2020-11-23,UK,8634,394,3785
2020-11-24,UK,7883,383,3866
2020-11-25,UK,7793,379,4333
2020-11-26,UK,7922,408,4418
2020-11-27,UK,7713,372,4400
2020-11-28,UK,8682,370,3987
2020-11-29,UK,7926,396,3503
2020-11-30,UK,8940,379,3581
2020-12-01,UK,7711,426,4466
2020-12-02,UK,9121,424,4029
2020-12-03,UK,8961,400,4362
2020-12-04,UK,7732,377,4170
2020-12-05,UK,8715,381,3829
2020-12-06,UK,7788,399,3820
2020-12-07,UK,8080,400,4216
2020-12-08,UK,9045,375,3485
2020-12-09,UK,8325,392,4181
2020-12-10,UK,8456,412,4439
2020-12-11,UK,8735,390,3886
2020-12-12,UK,8586,399,4312
2020-12-13,UK,9032,389,3677
2020-12-14,UK,7985,400,4102
2020-12-15,UK,8428,433,4289
2020-12-16,UK,8788,370,4380
2020-12-17,UK,7962,376,3555
2020-12-18,UK,8664,431,3649
2020-12-19,UK,8294,419,4024
2020-12-20,UK,8358,435,3536
2020-12-21,UK,8868,434,4127
2020-12-22,UK,8870,392,3539
2020-12-23,UK,8583,408,4168
2020-12-24,UK,8632,369,4222
2020-12-25,UK,9173,417,3586
2020-12-26,UK,8671,380,4307
2020-12-27,UK,8532,388,3975
2020-12-28,UK,8176,371,3638
2020-12-29,UK,8891,398,4066
2020-12-30,UK,8073,410,4251
2020-12-31,UK,8063,398,4188
